{
  "itemPhotoData": {
    "backgroundColor": -16777216,
    "blurBackground": 0,
    "chroma_key_color": 0,
    "chroma_key_matrix": [
      0.0,
      0.0,
      0.0,
      0.0,
      0.0,
      0.0,
      0.0,
      0.0,
      0.0
    ],
    "chroma_key_smooth": 0.0,
    "chroma_key_threshold": 0.0,
    "duration": 0,
    "endIndexFrame": 0,
    "flipHorizontal": 1.0,
    "flipVertical": 1.0,
    "gpuPosition": 0,
    "gpuProgress": 0,
    "heightBitmap": 0,
    "idItemPhoto": "",
    "indexEndFrameTransformCombo": 0,
    "indexEndFrameTransformIn": 0,
    "indexStartFrameTransformOut": 0,
    "isCalledCutBody": false,
    "isCenterCrop": false,
    "isCenterInside": true,
    "isCropBitmap": false,
    "isLoadFromCache": false,
    "isLocked": false,
    "itemTemplateModel": {
      "duration": 0,
      "heightBitmap": 0,
      "indexSticker": -1,
      "isCrop": false,
      "isLocked": false,
      "md5PathFileOld": "",
      "pathFile": "",
      "rect": {
        "bottom": 0,
        "left": 0,
        "right": 0,
        "top": 0
      },
      "typeTemplateModel": "NONE",
      "widthBitmap": 0
    },
    "itemVideoData": {
      "durationVideo": 0,
      "fpsVideo": 0,
      "indexDurationEnd": 0,
      "indexDurationStart": 0,
      "pathFileVideo": "",
      "sizeVideo": {},
      "speed": 0.0,
      "volume": 0.0
    },
    "linkBackgroundImage": "",
    "mask_height_mask": 0,
    "mask_height_view": 0,
    "mask_invert": "OUTWARD",
    "mask_matrix": [
      0.0,
      0.0,
      0.0,
      0.0,
      0.0,
      0.0,
      0.0,
      0.0,
      0.0
    ],
    "mask_position_draw": 0,
    "mask_type_draw": "NONE",
    "mask_variability_blur": 0,
    "mask_variability_border": 0,
    "mask_variability_edge": 2,
    "mask_variability_star": 0,
    "mask_width_mask": 0,
    "mask_width_view": 0,
    "objDataAdjust": {
      "mCurrentBrightnessFilter": 50,
      "mCurrentContrastFilter": 50,
      "mCurrentExposureFilter": 50,
      "mCurrentFadeFilters": 0,
      "mCurrentHighlightFilter": 100,
      "mCurrentHueFilter": 0,
      "mCurrentSaturationFilter": 50,
      "mCurrentShadowFilter": 0,
      "mCurrentSharpenFilter": 50,
      "mCurrentTempFilter": 50,
      "mCurrentVignetteFilter": 100,
      "mListRedoAdjust": [],
      "mListUndoAdjust": []
    },
    "pathBitmap": "",
    "rotate": 0,
    "rotateAnim": 0.0,
    "scaleAnim": 1.0,
    "startIndexFrame": 0,
    "timeTransformCombo": 3000,
    "timeTransformIn": 3000,
    "timeTransformOut": 3000,
    "totalFrame": 0,
    "typeBackground": "COLOR",
    "typeClip": "PHOTO",
    "typeTransformCombo": "NONE",
    "typeTransformIn": "NONE",
    "typeTransformOut": "NONE",
    "typeUserApplyTransformFrom": "NONE",
    "valueMatrixBitmapDraw": [
      0.0,
      0.0,
      0.0,
      0.0,
      0.0,
      0.0,
      0.0,
      0.0,
      0.0
    ],
    "widthBitmap": 0
  },
  "itemThemeId": "",
  "linkDownloadData": "",
  "listItemEffectData": [
    {
      "drawMode": "SCREEN",
      "endIndexFrame": 108000,
      "folderEffect": "",
      "indexFrameDrawCurrent": 0,
      "isCenterCrop": true,
      "isCenterInside": false,
      "isDraw": true,
      "isFromTheme": true,
      "isNeedCutBody": false,
      "isReloadFromCache": true,
      "jsonObjectDataOfItem": "",
      "keyEffect": "SERVER",
      "keyInHasMap": 0,
      "pathFolderEffect": "/data/user/0/videoeditor.moviemaker/files/FOLDER_EFFECT/Snow/10",
      "positionInAdapter": 10,
      "positionInListData": 0,
      "speed": 1,
      "startIndexFrame": 0,
      "title": "Snow 10",
      "totalFrame": 108000,
      "uri": "/data/user/0/videoeditor.moviemaker/files/FOLDER_EFFECT/Snow/10/Snow.m4v",
      "uriInTheme": ""
    }
  ],
  "listItemMusicData": [
    {
      "durationEnd": 11004,
      "durationFadeIn": 0,
      "durationFadeOut": 0,
      "durationStart": 0,
      "endIndexFrame": 108000,
      "indexRowCurrent": 0,
      "indexRowPrevious": 0,
      "isFromTheme": true,
      "isLoop": true,
      "keyInHasMap": 0,
      "linkDownloadMp3": "/storage/emulated/0/Download/NewSound/christmas-loop-127095.mp3",
      "nameMp3": "christmas-loop-127095.mp3",
      "pathDefault": "/storage/emulated/0/Download/NewSound/christmas-loop-127095.mp3",
      "pathSaveFile": "/storage/emulated/0/Download/NewSound/christmas-loop-127095.mp3",
      "positionEffectVoice": 0,
      "speedAudio": 1.0,
      "startIndexFrame": 0,
      "volume": 1.0
    }
  ],
  "listTransform": [
    {
      "typeTransformCombo": "ZOOM_IN_CENTER",
      "typeTransformIn": "NONE",
      "typeTransformOut": "NONE"
    },
    {
      "typeTransformCombo": "ZOOM_OUT_CENTER",
      "typeTransformIn": "NONE",
      "typeTransformOut": "NONE"
    },
    {
      "typeTransformCombo": "ZOOM_OUT_CENTER",
      "typeTransformIn": "NONE",
      "typeTransformOut": "NONE"
    },
    {
      "typeTransformCombo": "ZOOM_IN_CENTER",
      "typeTransformIn": "NONE",
      "typeTransformOut": "NONE"
    },
    {
      "typeTransformCombo": "ZOOM_IN_CENTER",
      "typeTransformIn": "NONE",
      "typeTransformOut": "NONE"
    }
  ],
  "listTransition": [
    {
      "indexCate": 1,
      "indexEndPreview": 0,
      "indexItem": 0,
      "indexStartPreview": 0,
      "isMask": false,
      "keyItem": "CIRCLE",
      "linkCover": "https://photoforapp.s3.ap-southeast-1.amazonaws.com/Video/TransitionsServer/Mask/Icon/CIRCLE.gif",
      "linkDownload": "https://photoforapp.s3.ap-southeast-1.amazonaws.com/Video/TransitionsServer/Mask/CIRCLE.zip",
      "maxDurationSeekBar": 1500,
      "modeDraw": "",
      "nameEn": "Circle 1",
      "nameVn": "Mở hình tròn",
      "paintModeDraw": "SRC_OVER",
      "pathFolderOfTransition": "",
      "pathFolderZipOfTransition": "",
      "positionTransitionInAdapter": 12,
      "timeTransitionCurrent": 1000,
      "typeTransition": {
        "type": "MASK",
        "typeTransition": "CIRCLE"
      },
      "typeUserApplyTransitionFrom": "NONE"
    },
    {
      "indexCate": 1,
      "indexEndPreview": 0,
      "indexItem": 2,
      "indexStartPreview": 0,
      "isMask": false,
      "keyItem": "STAR",
      "linkCover": "https://photoforapp.s3.ap-southeast-1.amazonaws.com/Video/TransitionsServer/Mask/Icon/STAR.gif",
      "linkDownload": "https://photoforapp.s3.ap-southeast-1.amazonaws.com/Video/TransitionsServer/Mask/STAR.zip",
      "maxDurationSeekBar": 1500,
      "modeDraw": "",
      "nameEn": "Star 1",
      "nameVn": "Sao 1",
      "paintModeDraw": "SRC_OVER",
      "pathFolderOfTransition": "",
      "pathFolderZipOfTransition": "",
      "positionTransitionInAdapter": 13,
      "timeTransitionCurrent": 1000,
      "typeTransition": {
        "type": "MASK",
        "typeTransition": "STAR"
      },
      "typeUserApplyTransitionFrom": "SET_FROM_USER_APPLY"
    },
    {
      "indexCate": 1,
      "indexEndPreview": 0,
      "indexItem": 4,
      "indexStartPreview": 0,
      "isMask": false,
      "keyItem": "HEART",
      "linkCover": "https://photoforapp.s3.ap-southeast-1.amazonaws.com/Video/TransitionsServer/Mask/Icon/HEART.gif",
      "linkDownload": "https://photoforapp.s3.ap-southeast-1.amazonaws.com/Video/TransitionsServer/Mask/HEART.zip",
      "maxDurationSeekBar": 1500,
      "modeDraw": "",
      "nameEn": "Heart 1",
      "nameVn": "Trái tim 1",
      "paintModeDraw": "SRC_OVER",
      "pathFolderOfTransition": "",
      "pathFolderZipOfTransition": "",
      "positionTransitionInAdapter": 14,
      "timeTransitionCurrent": 1000,
      "typeTransition": {
        "type": "MASK",
        "typeTransition": "HEART"
      },
      "typeUserApplyTransitionFrom": "SET_FROM_USER_APPLY"
    },
    {
      "indexCate": 1,
      "indexEndPreview": 0,
      "indexItem": 9,
      "indexStartPreview": 0,
      "isMask": false,
      "keyItem": "CLOUDS",
      "linkCover": "https://photoforapp.s3.ap-southeast-1.amazonaws.com/Video/TransitionsServer/Mask/Icon/CLOUDS.gif",
      "linkDownload": "https://photoforapp.s3.ap-southeast-1.amazonaws.com/Video/TransitionsServer/Mask/CLOUDS.zip",
      "maxDurationSeekBar": 1500,
      "modeDraw": "",
      "nameEn": "Clouds 1",
      "nameVn": "Mây 1",
      "paintModeDraw": "SRC_OVER",
      "pathFolderOfTransition": "",
      "pathFolderZipOfTransition": "",
      "positionTransitionInAdapter": 15,
      "timeTransitionCurrent": 1000,
      "typeTransition": {
        "type": "MASK",
        "typeTransition": "CLOUDS"
      },
      "typeUserApplyTransitionFrom": "SET_FROM_USER_APPLY"
    }
  ],
  "nameEn": "christmas-loop-127095",
  "nameVi": "Giáng sinh",
  "typeThemeTransform": "SEQUENCE",
  "typeThemeTransition": "SEQUENCE",
  "typeThemes": "NONE"
}